ticker,num_comments,comment_sentiment_average,latest_comment_date,score,upvote_ratio,date,domain,num_crossposts,author,timestamp,commentdate
AMZN,66,0.24,1664736316.0,89,0.82,1664663700.0,self.stocks,0,Accomplished-Bill-45,2022-10-01 15:35:00,2022-10-02 11:45:16
AMZN,396,0.08433734939759036,1664780842.0,1177,0.93,1664593516.0,self.stocks,2,morelos555,2022-09-30 20:05:16,2022-10-03 00:07:22
AMZN,69,0.48,1664806900.0,0,0.4,1664722303.0,self.investing,0,waltwhitman83,2022-10-02 07:51:43,2022-10-03 07:21:40
AMZN,94,0.43243243243243246,1665056690.0,154,0.91,1664974870.0,self.options,0,SuperNewk,2022-10-05 06:01:10,2022-10-06 04:44:50
AMZN,4,0.6666666666666666,1665059482.0,6,0.8,1664944116.0,reddit.com,0,KangarooRIOT,2022-10-04 21:28:36,2022-10-06 05:31:22
AMZN,59,0.2916666666666667,1665157607.0,49,0.86,1665097099.0,self.dividends,0,thevetkin,2022-10-06 15:58:19,2022-10-07 08:46:47
AMZN,96,0.4166666666666667,1665280267.0,782,0.95,1665177231.0,reddit.com,0,Romanianness,2022-10-07 14:13:51,2022-10-08 18:51:07
AMZN,21,0.18181818181818182,1665498700.0,14,0.8,1665105887.0,self.stocks,0,chrisieg66,2022-10-06 18:24:47,2022-10-11 07:31:40
AMZN,6,-0.25,1665796385.0,7,0.72,1665792735.0,self.stocks,0,onemanstrong,2022-10-14 17:12:15,2022-10-14 18:13:05
AMZN,67,0.20689655172413793,1665841566.0,67,0.88,1665757976.0,self.stocks,0,ballasow,2022-10-14 07:32:56,2022-10-15 06:46:06
AMZN,27,0.5,1665864512.0,62,0.97,1665809054.0,self.dividends,0,ideallyideal,2022-10-14 21:44:14,2022-10-15 13:08:32
AMZN,60,0.18604651162790697,1666057685.0,37,0.85,1665972305.0,reddit.com,0,Unfair_Reception9549,2022-10-16 19:05:05,2022-10-17 18:48:05
AMZN,37,0.1111111111111111,1666115162.0,2,0.53,1666036484.0,self.stocks,0,TonyLiberty,2022-10-17 12:54:44,2022-10-18 10:46:02
AMZN,40,0.42857142857142855,1666155706.0,8,0.8,1666111736.0,self.stocks,0,Juandissimo47,2022-10-18 09:48:56,2022-10-18 22:01:46
AMZN,19,0.16666666666666666,1666194326.0,5,0.65,1666060290.0,self.stocks,0,CanPsychological4710,2022-10-17 19:31:30,2022-10-19 08:45:26
AMZN,44,0.27586206896551724,1666294509.0,14,0.8,1665788853.0,self.investing,0,healthydogo,2022-10-14 16:07:33,2022-10-20 12:35:09
AMZN,33,0.125,1666490665.0,598,0.98,1664720704.0,self.options,0,cclagator,2022-10-02 07:25:04,2022-10-22 19:04:25
AMZN,88,0.06666666666666667,1666517045.0,101,0.9,1666438257.0,self.stocks,0,Progress_8,2022-10-22 04:30:57,2022-10-23 02:24:05
AMZN,15,-0.4,1666602034.0,129,0.95,1666582548.0,self.options,1,cclagator,2022-10-23 20:35:48,2022-10-24 02:00:34
AMZN,17,0.5,1666622755.0,3,0.72,1666402718.0,self.algotrading,0,xhitcramp,2022-10-21 18:38:38,2022-10-24 07:45:55
AMZN,55,0.30434782608695654,1666665005.0,158,0.92,1666563014.0,self.stocks,0,POCTM,2022-10-23 15:10:14,2022-10-24 19:30:05
AMZN,8,-0.5,1666733537.0,11,0.8,1666705122.0,self.economy,0,MrComedy325,2022-10-25 06:38:42,2022-10-25 14:32:17
AMZN,64,0.3333333333333333,1666748284.0,7,0.7,1666660812.0,self.stocks,0,Ftmmetadick,2022-10-24 18:20:12,2022-10-25 18:38:04
AMZN,10,0.8333333333333334,1666831155.0,17,0.8,1666720293.0,self.options,0,4rt3m0rl0v,2022-10-25 10:51:33,2022-10-26 17:39:15
AMZN,19,0.45454545454545453,1666880830.0,15,0.9,1666798613.0,self.wallstreetbets,0,Loading_Loading,2022-10-26 08:36:53,2022-10-27 07:27:10
AMZN,172,0.2978723404255319,1666881489.0,289,0.83,1666790253.0,self.stocks,1,StrengthChoice1734,2022-10-26 06:17:33,2022-10-27 07:38:09
AMZN,12,-0.25,1666885656.0,17,0.85,1666853878.0,self.stocks,0,DoubleTFan,2022-10-26 23:57:58,2022-10-27 08:47:36
AMZN,271,0.27522935779816515,1666913160.0,35,0.67,1666059906.0,self.stocks,0,goldengatos2015,2022-10-17 19:25:06,2022-10-27 16:26:00
AMZN,13,-0.14285714285714285,1666915962.0,0,0.5,1665587895.0,self.options,0,davacheron83,2022-10-12 08:18:15,2022-10-27 17:12:42
AMZN,9,0.2857142857142857,1666958666.0,0,0.38,1666949515.0,self.wallstreetbets,0,Disasterdujour888,2022-10-28 02:31:55,2022-10-28 05:04:26
AMZN,9,0.14285714285714285,1666973148.0,19,0.86,1666913844.0,self.StockMarket,0,CompetitiveMission1,2022-10-27 16:37:24,2022-10-28 09:05:48
AMZN,34,0.2777777777777778,1666981544.0,14,0.75,1666893534.0,self.wallstreetbets,0,RoyalAsianMunchies,2022-10-27 10:58:54,2022-10-28 11:25:44
AMZN,14,0.3,1667012206.0,10,0.81,1666941454.0,self.stocks,0,InnocentElectrician,2022-10-28 00:17:34,2022-10-28 19:56:46
AMZN,112,0.18518518518518517,1667045656.0,147,0.92,1666901445.0,self.stocks,0,metal666coffee,2022-10-27 13:10:45,2022-10-29 05:14:16
AMZN,47,-0.08695652173913043,1667052105.0,11,0.69,1666966783.0,self.wallstreetbets,0,DonJuanMigs,2022-10-28 07:19:43,2022-10-29 07:01:45
AMZN,2,-0.5,1667063975.0,1,0.66,1666791681.0,self.investing,0,StrengthChoice1734,2022-10-26 06:41:21,2022-10-29 10:19:35
AMZN,26,0.16666666666666666,1667067170.0,4,0.67,1666982900.0,self.options,0,McNuggets-are-salads,2022-10-28 11:48:20,2022-10-29 11:12:50
AMZN,38,0.16666666666666666,1667166461.0,717,0.87,1667131164.0,self.investing,0,KappaTrading,2022-10-30 04:59:24,2022-10-30 14:47:41
AMZN,4,0.5,1667171443.0,33,0.86,1667159812.0,self.options,0,Flimsy-Willow-3086,2022-10-30 12:56:52,2022-10-30 16:10:43
AMZN,4,0.6666666666666666,1667171695.0,4,0.7,1667170403.0,self.stocks,0,Extreme_Address7043,2022-10-30 15:53:23,2022-10-30 16:14:55
